{
  "0A9B4653-B11E-4D6A-850E-C6FCB621626C" : {
    "cameraTransform" : [
      1,
      0,
      0,
      0,
      0,
      0.86602544784545898,
      -0.49999994039535522,
      0,
      0,
      0.49999994039535522,
      0.86602544784545898,
      0,
      0.0035969093441963196,
      0.35542377829551697,
      0.62919163703918457,
      1
    ],
    "objectMetadataList" : [
      [
        "0A9B4653-B11E-4D6A-850E-C6FCB621626C",
        "Root"
      ],
      {
        "isExpanded" : true,
        "isLocked" : false
      }
    ]
  },
  "6B844AED-95C5-4CF5-8433-7FA590F7B867" : {
    "cameraTransform" : [
      1,
      0,
      0,
      0,
      0,
      0.86602538824081421,
      -0.5,
      0,
      0,
      0.5,
      0.86602538824081421,
      0,
      0,
      0.11563811451196671,
      0.20029111206531525,
      1
    ],
    "objectMetadataList" : [
      [
        "6B844AED-95C5-4CF5-8433-7FA590F7B867",
        "Root"
      ],
      {
        "isExpanded" : true,
        "isLocked" : false
      },
      [
        "6B844AED-95C5-4CF5-8433-7FA590F7B867",
        "Root",
        "limb_comparision",
        "Geom"
      ],
      {
        "isExpanded" : true,
        "isLocked" : false
      },
      [
        "6B844AED-95C5-4CF5-8433-7FA590F7B867",
        "Root",
        "limb_comparision"
      ],
      {
        "isExpanded" : true,
        "isLocked" : false
      }
    ]
  },
  "6CD3539F-A111-4C46-A491-4EE8F421080A" : {
    "cameraTransform" : [
      1,
      0,
      -0,
      0,
      -0,
      0.86602532863616943,
      -0.50000011920928955,
      0,
      0,
      0.50000011920928955,
      0.86602532863616943,
      0,
      -0.0050000348128378391,
      0.18214669823646545,
      0.31299594044685364,
      1
    ],
    "objectMetadataList" : [
      [
        "6CD3539F-A111-4C46-A491-4EE8F421080A",
        "Root"
      ],
      {
        "isExpanded" : true,
        "isLocked" : false
      },
      [
        "6CD3539F-A111-4C46-A491-4EE8F421080A",
        "Root",
        "limb_comparision",
        "Geom"
      ],
      {
        "isExpanded" : true,
        "isLocked" : false
      },
      [
        "6CD3539F-A111-4C46-A491-4EE8F421080A",
        "Root",
        "arm_bones"
      ],
      {
        "isExpanded" : true,
        "isLocked" : false
      },
      [
        "6CD3539F-A111-4C46-A491-4EE8F421080A",
        "Root",
        "arm_bones",
        "Geom"
      ],
      {
        "isExpanded" : true,
        "isLocked" : false
      },
      [
        "6CD3539F-A111-4C46-A491-4EE8F421080A",
        "Root",
        "limb_comparision",
        "Materials"
      ],
      {
        "isExpanded" : true,
        "isLocked" : false
      }
    ]
  },
  "65F6F990-A780-4474-B78B-572E0E4E273D" : {
    "cameraTransform" : [
      1,
      0,
      0,
      0,
      0,
      0.86602544784545898,
      -0.49999988079071045,
      0,
      0,
      0.49999988079071045,
      0.86602544784545898,
      0,
      1.1972517199865251e-08,
      2.6179132461547852,
      0.43191218376159668,
      1
    ],
    "objectMetadataList" : [
      [
        "65F6F990-A780-4474-B78B-572E0E4E273D",
        "Root"
      ],
      {
        "isExpanded" : true,
        "isLocked" : false
      }
    ]
  },
  "1510F6C7-214D-4800-9C6C-F3964D5FC3E3" : {
    "cameraTransform" : [
      0.99999994039535522,
      0,
      0,
      0,
      0,
      0.86602538824081421,
      -0.49999994039535522,
      0,
      0,
      0.49999994039535522,
      0.86602538824081421,
      0,
      0,
      0.27093535661697388,
      0.46927383542060852,
      1
    ],
    "objectMetadataList" : [
      [
        "1510F6C7-214D-4800-9C6C-F3964D5FC3E3",
        "Root"
      ],
      {
        "isExpanded" : true,
        "isLocked" : false
      }
    ]
  },
  "66168B71-AB05-424E-8B6C-D33D6E61B08F" : {
    "cameraTransform" : [
      1,
      0,
      0,
      0,
      0,
      0.86602538824081421,
      -0.5,
      0,
      0,
      0.5,
      0.86602538824081421,
      0,
      0,
      0.23875366151332855,
      0.41353350877761841,
      1
    ],
    "objectMetadataList" : [
      [
        "66168B71-AB05-424E-8B6C-D33D6E61B08F",
        "Root"
      ],
      {
        "isExpanded" : true,
        "isLocked" : false
      }
    ]
  },
  "AF09ED6F-1707-48FD-8720-65B998362C09" : {
    "cameraTransform" : [
      1,
      0,
      0,
      0,
      0,
      0.70710688829421997,
      -0.70710670948028564,
      0,
      0,
      0.70710670948028564,
      0.70710688829421997,
      0,
      0,
      2.8836338520050049,
      -0.10758819431066513,
      1
    ],
    "objectMetadataList" : [
      [
        "AF09ED6F-1707-48FD-8720-65B998362C09",
        "Root"
      ],
      {
        "isExpanded" : true,
        "isLocked" : false
      },
      [
        "AF09ED6F-1707-48FD-8720-65B998362C09",
        "Root",
        "Sphere_Right"
      ],
      {
        "isExpanded" : true,
        "isLocked" : false
      },
      [
        "AF09ED6F-1707-48FD-8720-65B998362C09",
        "Root",
        "Sphere_Left"
      ],
      {
        "isExpanded" : true,
        "isLocked" : false
      }
    ]
  },
  "CB766F92-EE55-4A63-9401-E7B8C009764D" : {
    "cameraTransform" : [
      1,
      0,
      0,
      0,
      0,
      0.86602532863616943,
      -0.50000011920928955,
      0,
      0,
      0.50000011920928955,
      0.86602532863616943,
      0,
      0,
      0.27093493938446045,
      0.46927309036254883,
      1
    ],
    "objectMetadataList" : [
      [
        "CB766F92-EE55-4A63-9401-E7B8C009764D",
        "Root"
      ],
      {
        "isExpanded" : true,
        "isLocked" : false
      },
      [
        "CB766F92-EE55-4A63-9401-E7B8C009764D",
        "Root",
        "GridMaterial"
      ],
      {
        "isExpanded" : true,
        "isLocked" : false
      }
    ]
  },
  "CD32B1AC-40C3-4771-9B9A-8C3B6E736AE6" : {
    "cameraTransform" : [
      0.99999397993087769,
      -2.3296464757294189e-10,
      0.0034784562885761261,
      0,
      0.001609153812751174,
      0.88656413555145264,
      -0.46260285377502441,
      0,
      -0.0030838744714856148,
      0.46260565519332886,
      0.88655877113342285,
      0,
      -0.0022309795022010803,
      0.40722841024398804,
      0.25267019867897034,
      1
    ],
    "objectMetadataList" : [
      [
        "CD32B1AC-40C3-4771-9B9A-8C3B6E736AE6",
        "Root"
      ],
      {
        "isExpanded" : true,
        "isLocked" : false
      }
    ]
  },
  "D560BB77-AAF3-4BDE-B7C4-989332A4688B" : {
    "cameraTransform" : [
      1,
      0,
      0,
      0,
      0,
      0.86602532863616943,
      -0.50000011920928955,
      0,
      0,
      0.50000011920928955,
      0.86602532863616943,
      0,
      0,
      0.27093493938446045,
      0.46927309036254883,
      1
    ],
    "objectMetadataList" : [

    ]
  },
  "D66134B1-3681-4A8E-AFE5-29F257229F3B" : {
    "cameraTransform" : [
      1,
      0,
      0,
      0,
      0,
      0.70710688829421997,
      -0.70710670948028564,
      0,
      0,
      0.70710670948028564,
      0.70710688829421997,
      0,
      0,
      0.26894822716712952,
      0.26934713125228882,
      1
    ],
    "objectMetadataList" : [
      [
        "D66134B1-3681-4A8E-AFE5-29F257229F3B",
        "Root"
      ],
      {
        "isExpanded" : true,
        "isLocked" : false
      },
      [
        "D66134B1-3681-4A8E-AFE5-29F257229F3B",
        "Root",
        "GridMaterial",
        "GridMaterial"
      ],
      {
        "isExpanded" : true,
        "isLocked" : false
      }
    ]
  }
}